F_DISA_NM,F_AVR_HGT,F_AREA,ADM_CD,F_SAT_YMD,F_END_YMD,F_SAT_TM,F_END_TM,F_RSN_DTL,F_ZONE_NM,INV_YR,F_YR,GU_NAM,F_SHIM,geometry
2018년 8.26~9.1 호우,83.74,143.61,1130510100,20180826,20180901,14,18,침수(기타),강북구 미아동258-470,2020,2020,강북구,0.45,"POLYGON ((958787.9883956892 1958336.5053205977, 958803.9969028232 1958340.548753752, 958807.2081635664 1958328.7780868532, 958807.7515459416 1958326.8179316856, 958791.8797237915 1958322.7247906348, 958788.4505209131 1958334.8674767725, 958787.9883956892 1958336.5053205977))"
2020년 7.28~8.11 호우,93.16,126.65,1130510100,20200728,20200811,14,18,침수,강북구 미아동258-115,2020,2020,강북구,0.45,"POLYGON ((958768.0982334389 1958489.782772579, 958781.9669600549 1958492.7759648343, 958785.46606667 1958480.244051934, 958771.7733655804 1958476.5151988873, 958768.0982334389 1958489.782772579))"
2018년 8.26~9.1 호우,36.13,61.62,1130510100,20180826,20180901,14,18,침수(기타),강북구 미아동49-142,2020,2020,강북구,0.45,"POLYGON ((958983.0950755279 1957102.2745772926, 958989.8407169022 1957107.387834735, 958990.5429109549 1957107.6620023104, 958996.8703409301 1957100.2811491692, 958989.270600219 1957094.7125987073, 958983.0950755279 1957102.2745772926))"
2020년 7.28~8.11 호우,31.34,106.21,1130510100,20200728,20200811,14,18,침수,강북구 미아동49-97,2020,2020,강북구,0.45,"POLYGON ((958913.415416611 1957059.034860163, 958902.6653117645 1957047.9051203083, 958896.5236076926 1957053.7415641453, 958896.0836236037 1957055.5962085535, 958905.7996712937 1957066.077683312, 958913.415416611 1957059.034860163))"
2018년 8.26~9.1 호우,37.7,90.61,1130510100,20180826,20180901,14,18,침수(기타),강북구 미아동217-99,2020,2020,강북구,0.45,"POLYGON ((957915.2000303437 1958972.4617922201, 957926.164017294 1958975.8622638558, 957929.1510822196 1958966.1100231565, 957918.2371815128 1958962.7292779183, 957915.2000303437 1958972.4617922201))"
2018년 8.26~9.1 호우,33.61,61.83,1130510100,20180826,20180901,14,18,침수(기타),강북구 미아동162-42,2020,2020,강북구,0.45,"POLYGON ((958063.5645833281 1959412.7593348334, 958064.0926795513 1959404.1587329947, 958064.1350023368 1959403.4697647917, 958054.3146350564 1959402.7122363318, 958053.6545707085 1959412.0622603574, 958062.4346643058 1959412.695363516, 958063.5645833281 1959412.7593348334))"
2020년 7.28~8.11 호우,58.39,82.0,1135010500,20200728,20200811,16,22,기타,노원구 상계동68-24,2020,2020,노원구,0.5,"POLYGON ((963183.3032503647 1963425.7255117558, 963173.0127056551 1963422.635412886, 963175.366676747 1963413.020528547, 963165.1565981462 1963410.3998240463, 963161.6631958811 1963420.2286878924, 963168.3523792983 1963421.3027038402, 963170.6263732152 1963422.215264016, 963170.3120705737 1963424.204183623, 963182.8234571847 1963427.4224219609, 963183.3032503647 1963425.7255117558))"
2020년 7.28~8.11 호우,42.33,108.0,1135010200,20200728,20200811,17,23,침수,노원구 월계동산120-5,2020,2020,노원구,0.5,"POLYGON ((960452.3846044644 1958343.7690554087, 960469.7133407647 1958347.3896251111, 960511.412347817 1958360.8750074438, 960549.7668654149 1958416.0025305785, 960573.9637270044 1958412.2273817435, 960572.5140407201 1958410.8665951232, 960568.9029706657 1958408.9045182841, 960568.2966036206 1958408.2279940164, 960566.1218000307 1958406.229299571, 960564.5520779925 1958398.6424874268, 960562.346803051 1958388.4600263129, 960560.8466432097 1958383.6188140553, 960559.4510932805 1958380.405435018, 960556.3008931314 1958373.3698134273, 960554.2131760763 1958368.7586366294, 960550.7165430189 1958362.1816835115, 960545.7785562387 1958352.8014406809, 960540.1177190075 1958341.8926120924, 960539.8354472811 1958340.8804917044, 960538.6970503376 1958334.138070612, 960537.2343111825 1958324.673394429, 960536.3964958539 1958319.1909034122, 960527.3354474076 1958314.7777028962, 960525.2872475402 1958317.418594368, 960518.2189859118 1958311.6003329523, 960511.3211113457 1958310.0075804978, 960507.2134586937 1958308.8418427587, 960506.1822069882 1958308.5334377394, 960498.5169803114 1958307.1966662854, 960490.4126492075 1958305.8092468667, 960479.9824466173 1958303.9053790304, 960472.7546328348 1958302.6772426786, 960469.9811740051 1958307.1003190344, 960465.4989716224 1958314.4623716106, 960459.9054233991 1958323.3747474006, 960448.9290542781 1958338.716311323, 960452.3846044644 1958343.7690554087))"
2020년 7.28~8.11 호우,42.39,96.0,1135010200,20200728,20200811,6,12,침수,노원구 월계동392-58,2020,2020,노원구,0.5,"POLYGON ((960875.4345941468 1958240.5890468399, 960881.6736595901 1958249.8884045002, 960882.6964771526 1958248.9853093787, 960885.0762777679 1958246.8574645028, 960886.8941004847 1958245.0704774586, 960889.1441287692 1958242.9763094543, 960888.3634598716 1958241.665949506, 960883.4902687429 1958234.3216003878, 960878.8892520814 1958237.945684771, 960875.4345941468 1958240.5890468399))"
2020년 7.28~8.11 호우,21.64,99.0,1135010200,20200728,20200811,15,21,침수,노원구 월계동473-12,2020,2020,노원구,0.5,"POLYGON ((961102.526337516 1957715.270942445, 961109.6970787477 1957708.388434569, 961110.9919572824 1957706.1983787033, 961103.9107620739 1957697.9431010582, 961098.673845228 1957696.8353388153, 961092.6931272778 1957701.3594111209, 961102.526337516 1957715.270942445))"
2020년 7.28~8.11 호우,27.69,123.87,1135010300,20200728,20200811,10,16,침수,노원구 공릉동240-243,2020,2020,노원구,0.5,"POLYGON ((963205.3763866823 1957989.0968676805, 963200.2758059237 1957969.8022628406, 963196.5930857975 1957967.7106195027, 963189.3226430065 1957980.28549096, 963189.6494980191 1957980.4696847738, 963205.3763866823 1957989.0968676805))"
2020년 7.28~8.11 호우,17.55,36.0,1135010300,20200806,20200811,17,24,침수,노원구 공릉동571-5,2020,2020,노원구,0.5,"POLYGON ((962230.6547393802 1958185.0925124553, 962240.7351001651 1958187.7579495816, 962243.3406148696 1958177.6879039898, 962245.886232093 1958167.8211000455, 962233.815272256 1958164.7134056494, 962230.6547393802 1958185.0925124553))"
2020년 7.28~8.11 호우,18.68,66.0,1135010300,20200804,20200811,16,24,침수,노원구 공릉동383-13,2020,2020,노원구,0.5,"POLYGON ((962242.4274951238 1958563.0504245977, 962250.4473935897 1958567.1762550315, 962252.1714592286 1958568.0637595241, 962256.4623948405 1958559.1343273781, 962254.6882273596 1958558.22409766, 962246.9600074774 1958554.2466613739, 962242.4274951238 1958563.0504245977))"
2020년 7.28~8.11 호우,29.02,68.0,1135010300,20200806,20200811,12,24,침수,노원구 공릉동503-19,2020,2020,노원구,0.5,"POLYGON ((962607.8573715191 1958554.9087943018, 962621.6510030869 1958558.4541637446, 962624.2319356847 1958556.9310250746, 962626.17104743 1958549.373574918, 962610.3353231136 1958545.2892594025, 962607.8573715191 1958554.9087943018))"
2020년 7.28~8.11 호우,64.32,116.43,1135010500,20200728,20200811,16,22,기타,노원구 상계동49-13,2020,2020,노원구,0.5,"POLYGON ((963277.8482877427 1963640.8640507034, 963293.6358495379 1963640.5881815427, 963293.4219203485 1963630.9979471317, 963277.7745036234 1963631.3110566174, 963277.8482877427 1963640.8640507034))"
2020년 7.28~8.11 호우,28.09,71.0,1135010300,20200806,20200811,13,24,침수,노원구 공릉동509-25,2020,2020,노원구,0.5,"POLYGON ((962627.3029384731 1958451.9443444815, 962639.7553607676 1958455.1669635708, 962642.3235823781 1958445.22807021, 962629.8651678929 1958442.0064824428, 962629.369503032 1958443.9163950018, 962627.3029384731 1958451.9443444815))"
2020년 7.28~8.11 호우,20.28,113.0,1135010200,20200811,20200811,04,24,침수,노원구 월계동379-12,2020,2020,노원구,0.5,"POLYGON ((961235.4427590092 1958334.5909274714, 961246.2378152144 1958334.612562678, 961246.2291074556 1958332.4084378053, 961246.3379912484 1958326.7479878967, 961235.7913670419 1958325.3195616314, 961235.4427590092 1958334.5909274714))"
2020년 7.28~8.11 호우,28.79,170.0,1135010500,20200728,20200811,7,13,기타,노원구 상계동1118-21,2020,2020,노원구,0.5,"POLYGON ((960702.1906318411 1964149.9277540045, 960718.1957182165 1964149.9456079106, 960718.1612284828 1964139.135850328, 960701.9290898868 1964139.2801431573, 960702.1906318411 1964149.9277540045))"
2020년 7.28~8.11 호우,92.96,22.0,1135010600,20200728,20200811,16,22,기타,노원구 중계동22-27,2020,2020,노원구,0.5,"POLYGON ((963605.4493620292 1960264.243960797, 963598.580198774 1960264.2884557259, 963597.4171080362 1960273.4071856162, 963607.4299963621 1960275.4162032164, 963609.9325317477 1960265.3477134395, 963605.4493620292 1960264.243960797))"
2020년 7.28~8.11 호우,35.37,46.25,1135010600,20200803,20200811,16,24,침수,노원구 중계동158-14,2020,2020,노원구,0.5,"POLYGON ((962557.4966494595 1962231.970399444, 962570.590948698 1962227.690386879, 962570.7361245023 1962223.2203023199, 962558.2839928854 1962222.4997877027, 962557.8541725664 1962222.5030720052, 962557.4966494595 1962231.970399444))"
2020년 7.28~8.11 호우,73.84,140.66,1135010500,20200804,20200811,18,24,침수,노원구 상계동산152-24,2020,2020,노원구,0.5,"POLYGON ((962807.4496704167 1963784.423856289, 962806.2681213942 1963775.0246915808, 962806.469727406 1963761.2408260035, 962806.794042491 1963743.2748874922, 962805.7117793733 1963740.8925440498, 962782.7247237393 1963727.7817661318, 962757.3987616991 1963711.7025494694, 962724.6148951565 1963690.78782688, 962721.8642000966 1963689.7098649815, 962718.6761614669 1963688.5362654338, 962717.3936398654 1963688.3471586073, 962712.6952073119 1963687.9323063234, 962709.4505066514 1963688.6982756844, 962690.0853375961 1963694.6240417098, 962688.8815173635 1963694.7603933706, 962679.8406866218 1963694.7144991134, 962670.9303349473 1963694.579944309, 962667.3794911568 1963681.0089556742, 962667.7071140228 1963680.7733020224, 962677.8462700495 1963678.5142247854, 962680.9893841806 1963675.3746920547, 962686.7503728537 1963669.3893095017, 962691.8733742407 1963664.1130526927, 962692.5378988141 1963663.3188180097, 962693.2245064408 1963661.789743362, 962694.107217706 1963659.1660390017, 962697.0711591619 1963651.469180375, 962703.747760384 1963640.5877768612, 962657.9003527139 1963601.3474542545, 962631.8084062426 1963578.8247389493, 962663.9616738303 1963554.6478478876, 962585.4865915627 1963559.4034517298, 962596.3243383508 1963601.6748488548, 962630.2590456264 1963720.4035261292, 962679.9720174947 1963767.9191578676, 962807.4496704167 1963784.423856289))"
2020년 7.28~8.11 호우,83.73,65.48,1135010500,20200804,20200811,22,24,침수,노원구 상계동71-254,2020,2020,노원구,0.5,"POLYGON ((963374.356759423 1963535.1987047498, 963373.6967064941 1963533.8257349473, 963369.4285464128 1963534.6201360885, 963367.2436396015 1963538.0544579076, 963367.3406976967 1963539.5763658525, 963374.356759423 1963535.1987047498))"
2020년 7.28~8.11 호우,156.19,131.0,1135010500,20200804,20200811,22,24,침수,노원구 상계동9-1,2020,2020,노원구,0.5,"POLYGON ((963802.4597027528 1965053.8993711413, 963823.4424892615 1965064.562692621, 963827.0760852913 1965063.4297892572, 963849.5550448449 1965025.740469383, 963851.7591084582 1965013.316449911, 963852.7450255833 1964999.4624533535, 963842.4398215042 1964992.8637815267, 963834.431757233 1965007.31791179, 963826.3224700185 1965011.949302189, 963819.6648598813 1965013.6160922048, 963815.0522668471 1965017.311233419, 963811.6615061811 1965021.061852945, 963811.6745466957 1965031.5957929618, 963807.9980198273 1965042.5122183487, 963802.4597027528 1965053.8993711413))"
2020년 7.28~8.11 호우,118.87,92.67,1135010500,20200804,20200811,22,24,침수,노원구 상계동58-50,2020,2020,노원구,0.5,"POLYGON ((962550.8438732007 1963777.3404477746, 962554.362445588 1963790.4817715902, 962560.4646752131 1963799.4179398231, 962565.1406270191 1963800.4926620934, 962573.8201337509 1963797.0677874472, 962574.535453487 1963795.2986504063, 962568.258252444 1963786.3554156434, 962562.2096843132 1963768.5233200158, 962558.2774156386 1963767.065786354, 962551.0829715794 1963770.2318592547, 962550.8438732007 1963777.3404477746))"
2020년 8.14 호우,35.19,70.0,1135010600,20200814,20200814,16,22,침수,노원구 중계동141-85,2020,2020,노원구,0.5,"POLYGON ((962389.6644204196 1962431.2056681248, 962392.6665148594 1962434.8213398275, 962407.2931400483 1962424.6933817398, 962404.1409583777 1962420.8625893418, 962389.6644204196 1962431.2056681248))"
2020년 7.28~8.11 호우,18.85,59.0,1135010200,20200811,20200811,04,24,침수,노원구 월계동51-13,2020,2020,노원구,0.5,"POLYGON ((961461.5775608575 1957366.7858011893, 961468.0934865472 1957366.4803023501, 961468.5408598173 1957366.9587457883, 961469.4072236996 1957369.1593154531, 961471.370227999 1957369.1109058263, 961470.1736229213 1957360.0646664246, 961469.2189503631 1957359.493952568, 961469.3623359929 1957358.0707264196, 961461.0139664795 1957356.468677236, 961461.5775608575 1957366.7858011893))"
2020년 7.28~8.11 호우,37.64,122.47,1132010600,20200728,20200811,9,15,기타,도봉구 방학동608-50,2020,2020,도봉구,0.3,"POLYGON ((958562.745320165 1963334.7487732358, 958563.4768873631 1963335.0947531853, 958568.0339120487 1963325.4541135365, 958563.3238401003 1963323.2299946297, 958561.4097170613 1963322.3205145253, 958556.9963797568 1963323.2636355076, 958556.5171037852 1963323.3661463463, 958551.3809056834 1963329.3612268507, 958562.745320165 1963334.7487732358))"
2020년 7.28~8.11 호우,34.13,188.11,1132010600,20200728,20200811,9,15,침수,도봉구 방학동619-4,2020,2020,도봉구,0.3,"POLYGON ((958776.1288152327 1963122.8729745615, 958785.7257360824 1963111.686111326, 958776.1353019298 1963103.4102072406, 958766.408114211 1963114.537785457, 958771.5094578104 1963118.9090222963, 958776.1288152327 1963122.8729745615))"
2020년 7.28~8.11 호우,33.72,224.53,1132010600,20200728,20200811,9,15,침수,도봉구 방학동630-2,2020,2020,도봉구,0.3,"POLYGON ((958810.7923156666 1963054.5141466723, 958818.3449969837 1963046.1471034826, 958814.29806836 1963042.679921138, 958804.2561683793 1963034.0965324524, 958796.3283690409 1963043.355237715, 958810.1864399482 1963055.2470952244, 958810.7923156666 1963054.5141466723))"
2020년 7.28~8.11 호우,25.85,2662.64,1132010800,20200728,20200811,9,15,침수,도봉구 도봉동611,2020,2020,도봉구,0.3,"POLYGON ((959561.952941317 1963548.4185948598, 959561.6635302689 1963527.8278400274, 959561.4710858627 1963514.1939659135, 959561.0219788335 1963482.3682649767, 959524.1881312603 1963482.8140099891, 959520.6984633984 1963486.3912322617, 959521.3015956123 1963545.305978795, 959524.868822359 1963548.795699347, 959561.952941317 1963548.4185948598))"
2020년 7.28~8.11 호우,34.17,291.96,1132010500,20200728,20200811,9,15,침수,도봉구 쌍문동217,2020,2020,도봉구,0.3,"POLYGON ((958786.2008492756 1962282.567386161, 958774.534577599 1962282.4494656245, 958769.3627401324 1962291.143720638, 958766.971029231 1962294.4152170927, 958764.9238113037 1962296.6752593638, 958762.0984473653 1962299.229329674, 958781.2181046263 1962300.5071833543, 958785.9145311587 1962296.4037422107, 958786.2008492756 1962282.567386161))"
2020년 7.28~8.11 호우,23.25,335.0,1123010400,20200728,20200811,17,23,기타,동대문구 전농동126-28,2020,2020,동대문,0.3,"POLYGON ((960318.5805621601 1953874.833239433, 960324.8420913223 1953869.3470582438, 960326.2709488444 1953868.2908694143, 960324.9526725139 1953865.3199815725, 960327.6747698789 1953864.2119471612, 960327.836826412 1953862.1618557835, 960329.6043892223 1953861.8275982258, 960329.5177810321 1953860.9533858493, 960327.0542006831 1953848.8020208452, 960314.9786957263 1953851.4331354562, 960307.332922484 1953854.3266370124, 960312.6339261656 1953864.1208241028, 960318.5805621601 1953874.833239433))"
2020년 7.28~8.11 호우,43.83,109.0,1123010900,20200728,20200811,8,14,침수,동대문구 휘경동286-359,2020,2020,동대문,0.5,"POLYGON ((961376.2375756085 1954130.5993410854, 961387.0577017365 1954131.766461362, 961387.2031912227 1954131.3038630332, 961388.3239036322 1954122.287305523, 961377.573176352 1954121.011857473, 961376.2375756085 1954130.5993410854))"
2020년 7.28~8.11 호우,50.09,116.0,1123010900,20200728,20200811,12,18,기타,동대문구 휘경동294-187,2020,2020,동대문,0.3,"POLYGON ((961220.7161357382 1954085.4049494618, 961228.4112406811 1954088.60689493, 961229.6621219359 1954088.296371215, 961230.935683283 1954087.7388199875, 961231.7347137856 1954078.194167278, 961230.6510844824 1954077.6221349635, 961222.356938635 1954073.2398133408, 961220.7161357382 1954085.4049494618))"
2020년 7.28~8.11 호우,12.98,256.2,1123010600,20200728,20200811,23,5,침수,동대문구 장안동437-5,2020,2020,동대문,0.3,"POLYGON ((961886.7463700642 1951861.1421935807, 961880.6773147081 1951848.4511784245, 961864.0897099706 1951856.3942036368, 961870.6424056392 1951868.6748072675, 961870.7989550588 1951868.6010043805, 961886.7463700642 1951861.1421935807))"
2020년 7.28~8.11 호우,13.18,734.6,1123010600,20200728,20200811,13,19,침수(개인하수도역류),동대문구 장안동447-2,2020,2020,동대문,0.5,"POLYGON ((961886.2186585901 1951821.9597550351, 961887.8830021129 1951817.2427007915, 961875.8924613893 1951792.1667714193, 961854.5955160465 1951802.7267983798, 961857.7522882187 1951809.3155660187, 961862.7154426964 1951819.6853243, 961867.9817631491 1951830.673240942, 961886.2186585901 1951821.9597550351))"
2020년 7.28~8.11 호우,14.99,158.3,1123010500,20200728,20200811,23,5,침수,동대문구 답십리동485-40,2020,2020,동대문,0.5,"POLYGON ((960654.8354599164 1952206.1744721471, 960658.1163417099 1952202.9922564186, 960664.4801718149 1952196.8148051887, 960662.7681233666 1952194.988575918, 960658.2502508153 1952190.1703592069, 960645.5311068421 1952202.6231797966, 960651.7745027274 1952209.1695910762, 960654.8354599164 1952206.1744721471))"
2020년 7.28~8.11 호우,14.01,345.0,1123010500,20200728,20200811,3,9,침수,동대문구 답십리동496-3,2020,2020,동대문,0.5,"POLYGON ((960410.8801370685 1952176.0503474579, 960412.7720735423 1952178.0565551533, 960420.6454414191 1952186.408641275, 960429.405981513 1952178.0842756706, 960438.2162840416 1952169.7186616284, 960428.4650910747 1952159.3822847283, 960419.6438246056 1952167.7539546671, 960410.8801370685 1952176.0503474579))"
2020년 8.14 호우,25.6,175.03,1144010300,20200814,20200814,6,14,침수(도로범람유입),마포구 신공덕동12-1,2020,2020,마포구,0.2,"POLYGON ((951902.8978824501 1949696.100308416, 951902.7820765267 1949696.1289121734, 951901.8244526549 1949696.5108515604, 951900.3925405378 1949696.9942693948, 951898.5913103345 1949698.1464013674, 951891.899533351 1949701.4976676777, 951897.5049206035 1949711.384319521, 951898.9416445678 1949713.6938541501, 951901.044455797 1949712.672074884, 951907.4008106539 1949707.5212460868, 951908.1358341164 1949706.633672371, 951910.0778052931 1949705.2538772242, 951910.482055428 1949704.9518436394, 951902.8978824501 1949696.100308416))"
2020년 8.14 호우,16.1,50.05,1144011300,20200814,20200814,8,9,침수,마포구 구수동77,2020,2020,마포구,0.25,"POLYGON ((949889.2490704313 1949673.893425217, 949887.1661981562 1949674.340309994, 949881.7153780068 1949675.5087955333, 949876.7673903152 1949677.434338752, 949876.4851689367 1949677.5617892668, 949877.8039583619 1949678.9322960533, 949880.5644802741 1949682.8022469012, 949891.4021958124 1949683.1146511023, 949890.0458255335 1949676.1643732723, 949889.4023220433 1949674.3284541494, 949889.2490704313 1949673.893425217))"
2020년 7.28~8.11 호우,20.55,30.75,1144012600,20200728,20200811,5,6,침수,마포구 중동109,2020,2020,마포구,0.2,"POLYGON ((947903.4664239187 1952486.5447571718, 947905.8839167788 1952491.8899948136, 947919.0065588917 1952485.7445759505, 947923.973108808 1952483.7369447758, 947924.7419789328 1952483.3879906184, 947927.5148850473 1952482.051758199, 947942.2677138761 1952475.2989080083, 947955.7361332794 1952469.3235930903, 947954.2660697731 1952465.4427981197, 947918.9773502238 1952480.23872198, 947918.8177625486 1952480.3055447375, 947913.2063684198 1952481.5448758819, 947908.7790300543 1952483.817549665, 947903.4664239187 1952486.5447571718))"
2020년 8.14 호우,18.05,62.94,1144010800,20200814,20200814,6,14,침수(저지대침수),마포구 대흥동36-31,2020,2020,마포구,0.2,"POLYGON ((950852.2706413239 1950165.4523517606, 950858.9977960662 1950161.6080704762, 950855.3173523693 1950153.730466748, 950849.5155920498 1950156.7701328292, 950852.2706413239 1950165.4523517606))"
2020년 7.28~8.11 호우,54.43,69.12,1141010200,20200728,20200811,21,9,침수,서대문구 충정로3가31-67,2020,2020,서대문,0.1,"POLYGON ((952440.1555003412 1951494.3196879707, 952443.5043272343 1951471.336343256, 952441.4653463877 1951471.576073872, 952422.9402126876 1951488.176281207, 952426.4113365066 1951492.7741788705, 952440.1555003412 1951494.3196879707))"
2020년 7.28~8.11 호우,65.35,46.28,1141011000,20200728,20200811,21,9,침수,서대문구 북아현동1-276,2020,2020,서대문,0.1,"POLYGON ((951768.0604684752 1951857.0990265724, 951767.109195164 1951850.951322972, 951767.0285136533 1951850.6288690341, 951761.5008306671 1951851.626835206, 951755.5702451936 1951852.8038737874, 951756.7571496245 1951859.2752087708, 951768.0604684752 1951857.0990265724))"
2020년 7.28~8.11 호우,65.35,159.04,1141011000,20200728,20200811,21,9,침수,서대문구 북아현동1-93,2020,2020,서대문,0.1,"POLYGON ((951810.501415004 1951849.0837567206, 951815.0779787742 1951873.816424377, 951815.8604073233 1951874.7049475552, 951838.389776495 1951870.673875573, 951833.2448382907 1951844.7006783017, 951823.2356207044 1951846.608091716, 951810.501415004 1951849.0837567206))"
2020년 7.28~8.11 호우,73.12,51.0,1141011000,20200728,20200811,21,9,침수,서대문구 북아현동3-372,2020,2020,서대문,0.1,"POLYGON ((952193.976907328 1951780.642011643, 952198.0640195339 1951780.9452137216, 952202.0385006045 1951776.975578366, 952194.6612290496 1951767.74610356, 952186.9791041403 1951771.338550366, 952186.3350145858 1951772.9733692745, 952187.3345858081 1951776.3538273547, 952188.4835430502 1951777.367359616, 952191.8829944667 1951778.8177903856, 952193.976907328 1951780.642011643))"
2020년 7.28~8.11 호우,67.7,41.94,1141011000,20200728,20200811,21,9,침수,서대문구 북아현동3-442,2020,2020,서대문,0.1,"POLYGON ((952173.6482270015 1951642.8523402445, 952174.0294864608 1951644.2468065969, 952177.1959465544 1951643.7981696161, 952176.7114614297 1951635.3808229305, 952173.8413883498 1951635.9228530477, 952173.6482270015 1951642.8523402445))"
2020년 7.28~8.11 호우,36.08,75.46,1129010900,20200803,20200803,5,12,침수,성북구 동소문동6가87-1,2020,2020,성북구,0.1,"POLYGON ((957174.339408368 1955012.8380420555, 957176.6903265852 1955011.292134034, 957174.1081266967 1955003.7286554922, 957173.42143557 1955001.6670677403, 957171.2549482901 1954995.3969012257, 957168.0068865991 1954996.6646760849, 957161.2853500547 1954999.483317485, 957162.5356224856 1955002.6355075557, 957164.0356962034 1955006.5210987083, 957165.227712792 1955009.4326874933, 957165.6981540169 1955010.6787265518, 957172.833185332 1955008.7355642093, 957174.339408368 1955012.8380420555))"
2020년 7.28~8.11 호우,57.35,63.58,1129013300,20200805,20200806,22,11,침수,성북구 정릉동685-4,2020,2020,성북구,0.1,"POLYGON ((956421.6978658423 1956861.4058042103, 956427.844898296 1956861.276201387, 956429.1199985151 1956859.3131564725, 956428.7449310009 1956850.237514291, 956418.2687602689 1956850.2271637518, 956418.8360925579 1956861.436993378, 956421.6978658423 1956861.4058042103))"
2020년 7.28~8.11 호우,24.39,49.6,1111016400,20200728,20200811,18,24,침수,종로구 종로6가170,2020,2020,종로구,0.3,"POLYGON ((956464.9100776719 1952682.338368554, 956464.1538777819 1952680.175184051, 956462.4922195977 1952678.8045110104, 956462.7059140272 1952677.442881888, 956461.2565106538 1952675.7581988308, 956458.3397193117 1952674.8400191045, 956455.9568431873 1952681.8570629917, 956464.7617233759 1952684.8992061585, 956464.9100776719 1952682.338368554))"
2020년 8.14 호우,47.52,193.7,1111014800,20200814,20200814,17,23,침수,종로구 계동77-1,2020,2020,종로구,0.3,"POLYGON ((954668.2699022442 1953616.3447911832, 954671.8514687744 1953615.5700655435, 954672.9933207416 1953615.8099159454, 954676.1617594394 1953614.9824027237, 954680.0215252488 1953613.6993879008, 954681.9681580615 1953613.577100024, 954681.6529324856 1953603.7164112777, 954674.0780613193 1953605.4749708725, 954665.7717539811 1953607.4773231102, 954663.7011442557 1953607.9721316332, 954661.712706404 1953608.6934204272, 954662.3097563174 1953616.0915219148, 954662.5269860061 1953616.3382777928, 954663.3335755643 1953616.3170041542, 954664.030323466 1953616.8830968735, 954668.2699022442 1953616.3447911832))"
2020년 7.28~8.11 호우,43.5,66.1,1111011300,20200728,20200811,18,24,침수,종로구 필운동138,2020,2020,종로구,0.3,"POLYGON ((953112.659380993 1953140.6338944815, 953112.1721049274 1953141.8670279041, 953111.3102492451 1953145.7911612235, 953111.1590876414 1953148.011148269, 953112.3358346513 1953148.0448901276, 953112.4796112977 1953148.954792863, 953118.6453079183 1953147.2516930285, 953118.0039119988 1953143.7413864713, 953117.1349580371 1953138.9797472483, 953116.001952093 1953134.378450621, 953115.3445492652 1953135.010707675, 953114.5364422324 1953135.8766787816, 953112.659380993 1953140.6338944815))"
2020년 8.22~8.31 호우,23.28,180.4,1174010500,20200822,20200831,13,19,침수,강동구 길동 340-3,2020,2020,강동구,0.3,"POLYGON ((968635.7524049367 1949304.8533768414, 968650.90128984 1949300.2717950086, 968647.5668044393 1949289.3796623636, 968632.436842708 1949293.9481487079, 968635.7524049367 1949304.8533768414))"
2020년 8.22~8.31 호우,17.72,93.0,1174010900,20200822,20200831,14,20,침수,강동구 천호동 459-44,2020,2020,강동구,0.5,"POLYGON ((966600.7768350196 1949043.7514716843, 966607.0367478604 1949050.2198044418, 966614.363588858 1949043.1746390602, 966608.5860460659 1949037.3764923161, 966607.9365080011 1949036.8511375235, 966600.7768350196 1949043.7514716843))"
2020년 8.22~8.31 호우,25.87,231.0,1174010900,20200822,20200831,14,20,침수,강동구 천호동 397-63,2020,2020,강동구,0.3,"POLYGON ((967421.6388139983 1949291.4694935333, 967426.4424688967 1949292.3166933956, 967427.7153465317 1949290.1227824334, 967433.5570741639 1949278.4252782124, 967434.6584762187 1949276.1293157504, 967428.6284841936 1949270.2275541124, 967414.97677585 1949280.6109809326, 967420.3975706416 1949289.2599220334, 967421.6388139983 1949291.4694935333))"
2020년 8.22~8.31 호우,18.85,168.0,1174010800,20200822,20200831,16,22,침수,강동구 성내동 379-63,2020,2020,강동구,0.5,"POLYGON ((967951.0244915563 1948296.241392421, 967960.5722639075 1948292.3622535672, 967955.4146950773 1948279.05770043, 967954.6850836133 1948277.1922840872, 967945.1313083053 1948281.070455012, 967948.746278645 1948290.3787194304, 967951.0244915563 1948296.241392421))"
2020년 8.22~8.31 호우,26.99,159.7,1174010600,20200822,20200831,14,20,침수,강동구 둔촌동 430-1,2020,2020,강동구,0.5,"POLYGON ((968239.7801276699 1948181.8271956125, 968248.5338037137 1948179.381719665, 968243.3740031968 1948171.5021008262, 968227.6199663619 1948175.8249740703, 968230.1440921095 1948184.5182558796, 968239.7801276699 1948181.8271956125))"
2020년 8.22~8.31 호우,24.19,137.6,1174010600,20200822,20200831,12,18,침수,강동구 둔촌동 427-1,2020,2020,강동구,0.5,"POLYGON ((968179.9809059877 1948196.5086343442, 968188.5394156682 1948193.0745720891, 968185.8480950983 1948185.6526887768, 968171.4016816573 1948190.3764754317, 968171.9788280838 1948199.3099889767, 968179.9809059877 1948196.5086343442))"
2020년 8.22~8.31 호우,16.65,116.0,1174010800,20200822,20200831,14,20,침수,강동구 성내동 87-7,2020,2020,강동구,0.5,"POLYGON ((966671.935369242 1948533.5969377127, 966683.528898413 1948530.948473143, 966681.2547860596 1948521.3342037464, 966669.387199559 1948523.9521330819, 966670.9388015257 1948529.4578028906, 966671.935369242 1948533.5969377127))"
2020년 8.22~8.31 호우,22.55,1067.3,1174010100,20200822,20200831,14,20,침수,강동구 명일동 344-15,2020,2020,강동구,0.3,"POLYGON ((968555.6151819752 1949782.0681553753, 968587.531937125 1949778.1103895998, 968587.4170536654 1949777.181355671, 968583.8447912892 1949748.2154251086, 968551.1863497935 1949746.1454380376, 968554.7795791555 1949775.295187846, 968555.6151819752 1949782.0681553753))"
2020년 8.22~8.31 호우,21.34,214.9,1174010100,20200822,20200831,16,22,침수,강동구 명일동 352-2,2020,2020,강동구,0.5,"POLYGON ((968522.0473522784 1949626.38696588, 968536.5026365435 1949622.018974921, 968538.6493642953 1949621.3688387235, 968535.0478685162 1949609.513491887, 968518.4648326479 1949614.528519394, 968521.7878943473 1949625.5276718843, 968522.0473522784 1949626.38696588))"
2020년 8.22~8.31 호우,21.34,180.6,1174010100,20200822,20200831,9,20,침수,강동구 명일동 352-12,2020,2020,강동구,0.5,"POLYGON ((968527.5783878346 1949637.352420543, 968540.014663633 1949633.5909050286, 968536.5026365435 1949622.018974921, 968522.0473522784 1949626.38696588, 968524.9338904603 1949635.9359902493, 968527.5783878346 1949637.352420543))"
2020년 8.22~8.31 호우,21.52,181.0,1174010100,20200822,20200831,16,22,침수,강동구 명일동 352-10,2020,2020,강동구,0.5,"POLYGON ((968530.6612171745 1949654.8893370118, 968543.7412097052 1949650.9324821078, 968540.217177565 1949639.924399307, 968537.5407516932 1949638.5191340991, 968528.7382158341 1949641.1748015492, 968527.3168087356 1949643.8233236207, 968530.6612171745 1949654.8893370118))"
2020년 8.22~8.31 호우,21.52,334.3,1174010100,20200822,20200831,16,22,침수,강동구 명일동 352-15,2020,2020,강동구,0.5,"POLYGON ((968567.0059003215 1949668.0185298487, 968563.8254993318 1949657.5314247978, 968562.599537466 1949653.4904786372, 968558.8840206517 1949641.2458864315, 968546.2880760159 1949645.058229312, 968550.0275406508 1949657.2946977727, 968552.5381454229 1949665.5092280216, 968554.7464872359 1949667.241850088, 968567.0059003215 1949668.0185298487))"
2020년 8.22~8.31 호우,20.74,235.4,1174010500,20200822,20200831,14,20,침수,강동구 길동 321-1,2020,2020,강동구,0.3,"POLYGON ((968501.6623477906 1949558.9199837246, 968506.083197675 1949561.2856285826, 968514.3477720629 1949558.7867548347, 968508.6183261434 1949539.8104272035, 968496.9505294863 1949543.3409544686, 968501.6623477906 1949558.9199837246))"
2020년 8.22~8.31 호우,20.94,218.1,1174010500,20200822,20200831,14,20,침수,강동구 길동 321-3,2020,2020,강동구,0.5,"POLYGON ((968491.8459757494 1949526.463506433, 968504.7183783072 1949522.5687303406, 968500.027917649 1949507.0585612378, 968487.1555202589 1949510.9543367228, 968491.8459757494 1949526.463506433))"
2020년 8.22~8.31 호우,20.94,188.4,1174010500,20200822,20200831,14,20,침수,강동구 길동 321-19,2020,2020,강동구,0.5,"POLYGON ((968508.6183261434 1949539.8104272035, 968509.2660360953 1949539.614067323, 968505.0244169842 1949525.6149377893, 968492.714881296 1949529.3367950276, 968495.7306132577 1949539.308972359, 968496.9505294863 1949543.3409544686, 968508.6183261434 1949539.8104272035))"
2020년 8.22~8.31 호우,20.94,221.3,1174010500,20200822,20200831,14,20,침수,강동구 길동 321-16,2020,2020,강동구,0.5,"POLYGON ((968499.2408300261 1949504.156849624, 968494.5117387648 1949488.5249319545, 968481.5564866833 1949492.4421384104, 968486.2866200624 1949508.082047682, 968499.2408300261 1949504.156849624))"
2020년 8.22~8.31 호우,20.48,146.4,1174010900,20200822,20200831,15,21,침수,강동구 천호동 43-74,2020,2020,강동구,0.3,"POLYGON ((968347.1183523646 1949517.0057264215, 968344.4146594745 1949508.3833745087, 968340.003963813 1949506.047663644, 968331.8012509171 1949508.5252174803, 968335.4826993935 1949520.5660720963, 968347.1183523646 1949517.0057264215))"
2020년 8.22~8.31 호우,20.68,154.9,1174010900,20200822,20200831,14,20,침수,강동구 천호동 43-73,2020,2020,강동구,0.5,"POLYGON ((968350.9324089889 1949529.1708298128, 968347.1183523646 1949517.0057264215, 968335.4826993935 1949520.5660720963, 968339.1651741029 1949532.61191925, 968350.9324089889 1949529.1708298128))"
2020년 8.22~8.31 호우,20.68,154.1,1174010900,20200822,20200831,14,20,침수,강동구 천호동 43-70,2020,2020,강동구,0.5,"POLYGON ((968342.827392205 1949544.6078928863, 968354.6691668737 1949541.085439191, 968350.9324089889 1949529.1708298128, 968339.1651741029 1949532.61191925, 968342.827392205 1949544.6078928863))"
2020년 8.22~8.31 호우,20.46,2688.6,1174010900,20200822,20200831,15,21,침수,강동구 천호동 46-5,2020,2020,강동구,0.3,"POLYGON ((968273.2642845953 1949517.8730921892, 968295.6577824687 1949511.101922034, 968337.6243861583 1949498.413213568, 968339.9900318803 1949493.9923633204, 968334.7346720828 1949476.574919168, 968334.4345046777 1949475.5788933334, 968329.6117180025 1949459.6205948896, 968325.1908675302 1949457.2549490933, 968295.4200391128 1949466.258387878, 968277.0764957045 1949471.805547056, 968282.9268800105 1949491.1560948808, 968273.6243794832 1949493.9713520783, 968266.7500514424 1949496.0520129467, 968273.2642845953 1949517.8730921892))"
2020년 8.22~8.31 호우,25.15,165.0,1174010100,20200822,20200831,14,20,기타,강동구 명일동 335-10,2020,2020,강동구,0.1,"POLYGON ((968560.1691892786 1949959.0560460887, 968571.2377360332 1949957.697858233, 968569.4423299879 1949943.1629622125, 968558.1659748451 1949944.542244042, 968560.0163668835 1949957.947282395, 968560.1691892786 1949959.0560460887))"
2020년 8.22~8.31 호우,21.32,605.8,1174010100,20200822,20200831,14,20,침수,강동구 명일동 346-2,2020,2020,강동구,0.3,"POLYGON ((968512.5212165959 1949721.6399229043, 968534.6001847971 1949723.0432793961, 968536.3246170369 1949695.7226223012, 968534.3047175505 1949695.5953844474, 968514.2557083878 1949694.3312072204, 968512.5212165959 1949721.6399229043))"
2020년 8.22~8.31 호우,21.32,134.0,1174010100,20200822,20200831,9,21,침수,강동구 명일동 353-15,2020,2020,강동구,0.3,"POLYGON ((968512.4344389514 1949654.366209602, 968523.2429674424 1949651.1001368796, 968520.4967994894 1949642.0081925646, 968507.0026187337 1949646.0881969442, 968509.7487761676 1949655.1781422053, 968512.4344389514 1949654.366209602))"
2020년 8.22~8.31 호우,20.87,178.3,1174010100,20200822,20200831,14,20,기타,강동구 명일동 353-11,2020,2020,강동구,0.3,"POLYGON ((968493.4048686881 1949590.850521647, 968489.1712083388 1949576.8443526, 968477.5153748415 1949580.3688192803, 968481.7380716269 1949594.3810443112, 968493.4048686881 1949590.850521647))"
2020년 8.22~8.31 호우,20.94,155.6,1174010500,20200822,20200831,14,20,침수,강동구 길동 320-13,2020,2020,강동구,0.5,"POLYGON ((968485.0870175515 1949524.8509728736, 968482.6664953757 1949516.8468830949, 968464.8718657187 1949522.2281945413, 968467.2933928745 1949530.2332787507, 968485.0870175515 1949524.8509728736))"
2020년 8.22~8.31 호우,20.79,225.0,1174010900,20200822,20200831,14,20,침수,강동구 천호동 45-4,2020,2020,강동구,0.5,"POLYGON ((968336.0991872381 1949460.366901448, 968357.3738571523 1949453.9245408047, 968354.4496413213 1949444.2447641366, 968333.1739610867 1949450.6851306998, 968336.0991872381 1949460.366901448))"
2020년 8.22~8.31 호우,20.48,317.7,1174010900,20200822,20200831,15,21,침수,강동구 천호동 45-1,2020,2020,강동구,0.3,"POLYGON ((968350.1495065632 1949494.628236946, 968368.0339372598 1949489.215461161, 968363.8236022585 1949475.2721419225, 968342.5469228674 1949481.7125144324, 968345.7286031056 1949492.2525954882, 968350.1495065632 1949494.628236946))"
2020년 8.22~8.31 호우,20.87,836.1,1174010500,20200822,20200831,14,20,기타,강동구 길동 320-1,2020,2020,강동구,0.3,"POLYGON ((968449.5655471784 1949578.37882203, 968493.548136771 1949565.0806543296, 968495.8444995402 1949560.790122093, 968495.9137817805 1949560.6598046662, 968495.8415391312 1949560.4202797716, 968492.0179418285 1949547.7754131926, 968481.1485437081 1949551.0617998538, 968470.6194698112 1949554.2454210543, 968444.6450977266 1949562.1001670551, 968449.5655471784 1949578.37882203))"
2020년 8.22~8.31 호우,21.58,165.3,1174010500,20200822,20200831,14,20,침수,강동구 길동 335-7,2020,2020,강동구,0.5,"POLYGON ((968460.7676772831 1949444.4018351198, 968456.9989494794 1949431.924612225, 968444.8700361807 1949435.5885326997, 968448.6437938242 1949448.0717267732, 968460.7676772831 1949444.4018351198))"
2020년 8.22~8.31 호우,23.9,172.8,1174010100,20200822,20200831,14,20,침수,강동구 명일동 339-7,2020,2020,강동구,0.5,"POLYGON ((968788.5436158336 1949929.5818088627, 968786.8192915535 1949915.4443864955, 968785.8413415722 1949915.5715248103, 968774.6901760153 1949916.995124964, 968776.0430429991 1949928.56850285, 968777.8350822848 1949930.9680757492, 968788.5436158336 1949929.5818088627))"
2020년 8.22~8.31 호우,22.46,482.6,1174010100,20200822,20200831,14,20,침수,강동구 명일동 343-4,2020,2020,강동구,0.3,"POLYGON ((968651.3227904195 1949779.9741034063, 968663.2922210944 1949780.733326314, 968665.2377490507 1949749.8648628613, 968649.6784935633 1949748.8787668874, 968647.7329708465 1949779.7482304443, 968651.3227904195 1949779.9741034063))"
2020년 8.22~8.31 호우,35.95,185.1,1174010200,20200822,20200831,15,21,기타,강동구 고덕동 294-3,2020,2020,강동구,0.3,"POLYGON ((969814.6997113265 1951320.9128453434, 969826.9737515874 1951320.6808131456, 969827.173653037 1951320.6767541075, 969826.3554716741 1951305.8817959488, 969813.8714704659 1951306.1059449578, 969814.6997113265 1951320.9128453434))"
2020년 8.22~8.31 호우,28.65,227.0,1174010200,20200822,20200831,14,20,침수,강동구 고덕동 504,2020,2020,강동구,0.3,"POLYGON ((969464.5209936823 1951261.8135158888, 969472.7158639552 1951266.9070766768, 969482.3327232256 1951252.1227449407, 969481.9817014323 1951251.9046912487, 969470.9425710993 1951245.0478995023, 969463.6248991602 1951256.830188427, 969464.5209936823 1951261.8135158888))"
2020년 8.22~8.31 호우,22.08,178.5,1174010100,20200822,20200831,16,22,침수,강동구 명일동 351-16,2020,2020,강동구,0.3,"POLYGON ((968609.6338080957 1949574.0882821379, 968606.4668203308 1949564.0569311152, 968606.1912736794 1949563.1797293888, 968602.3688555646 1949564.3325597967, 968591.259907424 1949567.6861909812, 968594.715425997 1949578.5926758156, 968609.6338080957 1949574.0882821379))"
2020년 8.22~8.31 호우,21.15,109.0,1174010600,20200822,20200831,14,20,침수,강동구 둔촌동 70-48,2020,2020,강동구,0.5,"POLYGON ((968238.3673637934 1947910.092701802, 968246.5551039557 1947907.6182400857, 968243.1336898938 1947897.8621227643, 968231.6368658602 1947901.9675033386, 968231.7002425662 1947902.0431383054, 968238.3673637934 1947910.092701802))"
2020년 8.22~8.31 호우,22.46,194.6,1174010100,20200822,20200831,14,20,기타,강동구 명일동 343-1,2020,2020,강동구,0.3,"POLYGON ((968649.818202425 1949803.5100446972, 968650.5937079772 1949791.4065797757, 968633.8816038681 1949790.3656202415, 968633.6204143219 1949798.98369596, 968637.0088472869 1949802.7042948992, 968649.818202425 1949803.5100446972))"
2020년 8.22~8.31 호우,20.07,251.6,1174010600,20200822,20200831,14,20,침수,강동구 둔촌동 511-8,2020,2020,강동구,0.5,"POLYGON ((968125.3459927592 1947800.1860821543, 968125.1761578965 1947794.1692899158, 968125.1613021232 1947793.6295756493, 968123.5050243924 1947790.439580235, 968118.6495497879 1947789.0558536928, 968114.3979968851 1947786.5693481378, 968112.5269483217 1947784.3501190897, 968095.0658990059 1947789.6796506464, 968095.9337628782 1947792.5459503129, 968108.5516911936 1947788.7295158089, 968113.1302632396 1947803.880431173, 968125.3459927592 1947800.1860821543))"
2020년 8.22~8.31 호우,27.51,189.6,1174010200,20200822,20200831,16,22,침수,강동구 고덕동 142-6,2020,2020,강동구,0.5,"POLYGON ((970581.8518817433 1951493.9398013283, 970594.0404630504 1951492.6746194186, 970592.3582803019 1951477.2515004834, 970580.2406907579 1951478.5203041232, 970581.8518817433 1951493.9398013283))"
2020년 8.22~8.31 호우,22.95,251.0,1174010100,20200822,20200831,14,20,침수,강동구 명일동 339-21,2020,2020,강동구,0.3,"POLYGON ((968747.5107708611 1949900.8105051646, 968768.1528400006 1949897.982104165, 968766.8300551289 1949887.7460528077, 968749.6308727999 1949886.6546980115, 968746.211369767 1949890.271445954, 968747.5107708611 1949900.8105051646))"
2020년 8.22~8.31 호우,21.13,186.4,1174010500,20200822,20200831,5,20,침수,강동구 길동 322-8,2020,2020,강동구,0.3,"POLYGON ((968566.6968633885 1949507.2616676139, 968580.7399641552 1949503.0178171145, 968577.0282463445 1949490.7352190106, 968564.8973568825 1949494.4031487543, 968563.5651174424 1949496.9012553343, 968566.6968633885 1949507.2616676139))"
2020년 8.22~8.31 호우,30.38,146.6,1174010700,20200822,20200831,14,20,침수,강동구 암사동 486-45,2020,2020,강동구,0.5,"POLYGON ((967836.5909316782 1950148.4862138974, 967843.2030058637 1950139.5515645735, 967833.3026470138 1950131.9819800549, 967825.6039983017 1950140.918392329, 967833.9302673859 1950146.4720987892, 967836.5909316782 1950148.4862138974))"
2020년 8.22~8.31 호우,22.1,175.1,1174010500,20200822,20200831,14,20,기타,강동구 길동 236-5,2020,2020,강동구,0.5,"POLYGON ((968326.2181553136 1948404.3182876757, 968330.0542672895 1948391.7927528564, 968320.2442126446 1948389.186770246, 968316.9608524349 1948388.3155144404, 968313.4888501675 1948400.8881006844, 968326.2181553136 1948404.3182876757))"
2020년 8.22~8.31 호우,16.79,256.7,1174010700,20200822,20200831,15,21,침수,강동구 암사동 502-3,2020,2020,강동구,0.5,"POLYGON ((967056.7511187108 1950248.1676616925, 967056.4822871526 1950247.23744335, 967053.0607512969 1950235.390122308, 967034.5821245959 1950240.7271011772, 967038.315877344 1950253.580381702, 967056.7511187108 1950248.1676616925))"
2020년 8.22~8.31 호우,21.33,249.4,1174010500,20200822,20200831,5,20,침수,강동구 길동 321-11,2020,2020,강동구,0.5,"POLYGON ((968529.030866385 1949525.653374873, 968541.7545841599 1949521.8073687719, 968536.3244393815 1949503.8520621164, 968523.607723872 1949507.6990304901, 968529.030866385 1949525.653374873))"
2020년 8.22~8.31 호우,21.13,241.2,1174010500,20200822,20200831,15,21,침수,강동구 길동 321-18,2020,2020,강동구,0.3,"POLYGON ((968514.3232201741 1949558.7826612787, 968525.970072891 1949555.261241437, 968520.2336299407 1949536.2849511611, 968509.2414841474 1949539.6099737983, 968508.5937741979 1949539.8063336823, 968514.3232201741 1949558.7826612787))"
2020년 8.22~8.31 호우,23.46,158.5,1174010100,20200822,20200831,8,20,침수,강동구 명일동 339-17,2020,2020,강동구,0.5,"POLYGON ((968827.4155515133 1949913.5317941047, 968825.9720064086 1949901.823949472, 968812.5257154283 1949903.4346510929, 968814.1569075057 1949915.0895209434, 968827.4155515133 1949913.5317941047))"
2020년 8.22~8.31 호우,21.13,224.1,1174010500,20200822,20200831,14,20,침수,강동구 길동 322-4,2020,2020,강동구,0.3,"POLYGON ((968545.561913139 1949513.660303842, 968562.8764230197 1949508.4104888954, 968559.7426301759 1949498.0410908754, 968557.249558459 1949496.715822129, 968545.240427741 1949500.3471203253, 968542.8747825806 1949504.767969602, 968545.561913139 1949513.660303842))"
2020년 8.22~8.31 호우,24.14,562.6,1174010700,20200822,20200831,14,20,침수,강동구 암사동 450-13,2020,2020,강동구,0.3,"POLYGON ((967997.4749330541 1950779.3689799474, 968008.6708730101 1950779.4125681948, 968007.0822165046 1950757.1195422597, 968006.8348638526 1950753.6421875327, 967985.6542725443 1950753.8854578324, 967985.949107473 1950779.3231426242, 967997.4749330541 1950779.3689799474))"
2020년 8.22~8.31 호우,21.8,169.9,1174010700,20200822,20200831,15,21,기타,강동구 암사동 451-15,2020,2020,강동구,0.3,"POLYGON ((967942.4110433039 1950746.3827399083, 967953.8459628962 1950746.2511279185, 967953.5917614442 1950731.3032059646, 967942.3218217059 1950731.4429394405, 967942.4110433039 1950746.3827399083))"
2020년 8.22~8.31 호우,21.33,171.0,1174010500,20200822,20200831,6,19,침수,강동구 길동 322-7,2020,2020,강동구,0.5,"POLYGON ((968584.1087954247 1949514.165669399, 968580.7399641552 1949503.0178171145, 968566.6968633885 1949507.2616676139, 968570.0656894579 1949518.4085204666, 968584.1087954247 1949514.165669399))"
2020년 8.22~8.31 호우,27.65,182.0,1174010600,20200822,20200831,16,22,침수,강동구 둔촌동 610-2,2020,2020,강동구,0.5,"POLYGON ((968834.2138619093 1948488.001495035, 968830.6665228363 1948470.519022615, 968822.8105838682 1948474.1102992408, 968818.367334422 1948473.9299291251, 968812.5602041752 1948476.1248783998, 968810.6650315003 1948476.5207755496, 968833.2637536845 1948488.289422416, 968834.2138619093 1948488.001495035))"
2020년 8.22~8.31 호우,21.15,110.0,1174010600,20200822,20200831,16,22,침수,강동구 둔촌동 70-71,2020,2020,강동구,0.5,"POLYGON ((968240.6630891506 1947928.8793233235, 968237.8204286525 1947925.3427516536, 968231.9870768177 1947918.0644717913, 968226.568013569 1947919.5466348743, 968228.2658759858 1947924.9245699425, 968229.203061409 1947927.8564763593, 968230.6402012621 1947932.136215007, 968240.6630891506 1947928.8793233235))"
2020년 8.22~8.31 호우,28.48,154.8,1174010600,20200822,20200831,14,20,침수,강동구 둔촌동 446-18,2020,2020,강동구,0.5,"POLYGON ((968434.8384061266 1948151.0205508491, 968447.0823936441 1948149.0753773144, 968447.1423212588 1948149.0660631405, 968445.1478090058 1948138.6406400222, 968444.7675243218 1948136.673411441, 968432.5208063405 1948139.0464350788, 968434.3615693912 1948148.5650216066, 968434.8384061266 1948151.0205508491))"
2020년 8.22~8.31 호우,30.18,164.5,1174010700,20200822,20200831,14,20,기타,강동구 암사동 478-52,2020,2020,강동구,0.3,"POLYGON ((967857.0134078362 1950173.239400301, 967848.8485911809 1950161.1843290313, 967839.9209004064 1950172.6632864804, 967849.8564327809 1950180.456598209, 967857.0134078362 1950173.239400301))"
2020년 8.22~8.31 호우,17.57,96.0,1174010800,20200822,20200831,14,20,기타,강동구 성내동 46-10,2020,2020,강동구,0.5,"POLYGON ((966764.8464531681 1948652.8025089148, 966772.6057861199 1948649.6525664388, 966768.4858200529 1948639.9331265318, 966760.2468076849 1948643.863314499, 966764.8464531681 1948652.8025089148))"
2020년 8.22~8.31 호우,20.13,106.0,1174010800,20200822,20200831,9,15,침수,강동구 성내동 219-13,2020,2020,강동구,0.5,"POLYGON ((967309.362789139 1948230.8285210726, 967310.1538106782 1948229.9466642383, 967316.7662496947 1948222.5854196106, 967309.348755688 1948215.7333708613, 967302.1462354483 1948224.168333486, 967309.362789139 1948230.8285210726))"
2020년 8.22~8.31 호우,18.49,228.1,1174010700,20200822,20200831,16,22,침수,강동구 암사동 507-2,2020,2020,강동구,0.5,"POLYGON ((967144.0372732427 1950712.192201348, 967153.1875902652 1950706.3139071406, 967156.3496121113 1950704.2839090389, 967148.8203933346 1950692.5783278535, 967133.4000858605 1950703.09610985, 967144.0372732427 1950712.192201348))"
2020년 8.22~8.31 호우,19.79,125.0,1174010900,20200822,20200831,5,11,기타,강동구 천호동 115-26,2020,2020,강동구,0.5,"POLYGON ((967955.246959153 1949205.1154113642, 967947.9218875061 1949186.6593328083, 967940.8182678956 1949187.537668984, 967941.1280986464 1949193.7506445227, 967947.7984230355 1949200.3277486088, 967952.8280015914 1949206.645653406, 967955.246959153 1949205.1154113642))"
2020년 8.22~8.31 호우,24.71,112.0,1174010900,20200822,20200831,14,20,기타,강동구 천호동 136-5,2020,2020,강동구,0.5,"POLYGON ((967756.7050649723 1949277.340679844, 967761.2790707442 1949280.1233559279, 967765.3090686544 1949269.2891336333, 967755.6256077794 1949265.4859460024, 967754.6204239506 1949265.567245763, 967754.7915985739 1949276.9259866318, 967756.7050649723 1949277.340679844))"
2020년 8.22~8.31 호우,16.43,208.1,1174010800,20200822,20200831,16,22,침수,강동구 성내동 426-3,2020,2020,강동구,0.3,"POLYGON ((967546.0620801362 1947657.6219265894, 967556.6073964869 1947653.7275098108, 967551.4580732677 1947640.2799583445, 967549.7240503399 1947640.9049122666, 967540.0043489644 1947644.4091011959, 967537.9091315762 1947645.1599218769, 967543.1289559391 1947658.7070616109, 967546.0620801362 1947657.6219265894))"
2020년 8.22~8.31 호우,16.56,201.9,1174010800,20200822,20200831,15,21,침수,강동구 성내동 538-5,2020,2020,강동구,0.3,"POLYGON ((966723.6305713493 1947977.1401453682, 966717.1162673079 1947966.4287756137, 966712.2715756157 1947965.194933477, 966704.1079756113 1947969.963395659, 966712.4194588682 1947983.6670939245, 966723.6305713493 1947977.1401453682))"
2020년 8.22~8.31 호우,30.18,255.9,1174010700,20200822,20200831,9,15,기타,강동구 암사동 477-29,2020,2020,강동구,0.3,"POLYGON ((967859.3755457829 1950149.3050421197, 967862.3526299787 1950148.9703788063, 967873.600463471 1950140.890812312, 967866.3934582929 1950130.5659973694, 967853.7637075596 1950130.831888102, 967856.349955363 1950148.0325785682, 967859.3755457829 1950149.3050421197))"
2020년 8.22~8.31 호우,27.06,174.1,1174010700,20200822,20200831,15,21,침수,강동구 암사동 483-42,2020,2020,강동구,0.5,"POLYGON ((967519.3710515593 1950110.7143254625, 967528.8691178644 1950107.453193081, 967524.9448790564 1950094.8708254683, 967521.8006249329 1950095.7271757359, 967512.4371488288 1950095.715846877, 967516.7590674354 1950109.3976843262, 967519.3710515593 1950110.7143254625))"
2020년 8.22~8.31 호우,18.49,157.8,1174010700,20200822,20200831,14,20,침수,강동구 암사동 507-6,2020,2020,강동구,0.5,"POLYGON ((967156.3496121113 1950704.2839090389, 967168.750628123 1950696.3211673396, 967167.8770196186 1950693.3159511366, 967163.2535612731 1950696.2893412497, 967157.1958822771 1950686.865081182, 967148.8203933346 1950692.5783278535, 967156.3496121113 1950704.2839090389))"
2020년 8.22~8.31 호우,31.15,119.0,1174010900,20200822,20200831,14,20,침수,강동구 천호동 18-73,2020,2020,강동구,0.5,"POLYGON ((968160.6627304733 1950053.2827299917, 968171.6548223525 1950052.0209089601, 968170.965536587 1950046.07284639, 968170.395673594 1950041.1557549518, 968159.393622901 1950042.424625975, 968160.6627304733 1950053.2827299917))"
2020년 8.22~8.31 호우,20.66,161.9,1174010900,20200822,20200831,14,20,기타,강동구 천호동 43-36,2020,2020,강동구,0.5,"POLYGON ((968289.0440435663 1949561.6823688417, 968300.8843423068 1949558.0699570314, 968297.0630560166 1949545.484052921, 968285.2695384729 1949549.2471586536, 968289.0440435663 1949561.6823688417))"
2020년 8.22~8.31 호우,15.94,178.3,1174010800,20200822,20200831,15,21,침수,강동구 성내동 436-4,2020,2020,강동구,0.5,"POLYGON ((967368.1831604372 1947434.2924420529, 967369.0539956907 1947433.9469575845, 967364.5444753851 1947422.3942852118, 967351.2131944994 1947427.603966461, 967355.7591610191 1947439.2434125536, 967368.1831604372 1947434.2924420529))"
2020년 8.22~8.31 호우,19.72,129.8,1174010700,20200822,20200831,14,20,침수,강동구 암사동 490-3,2020,2020,강동구,0.5,"POLYGON ((967479.5675942732 1949991.6230423364, 967492.4755542183 1949987.6450986913, 967492.0003137264 1949986.0572272926, 967489.757299408 1949978.5400022294, 967476.6771503233 1949982.4698774884, 967479.5675942732 1949991.6230423364))"
2020년 8.22~8.31 호우,15.95,205.8,1174010800,20200822,20200831,15,21,침수,강동구 성내동 433-24,2020,2020,강동구,0.3,"POLYGON ((967433.474247952 1947605.1998940625, 967446.9703635337 1947599.971344046, 967442.7030860648 1947589.0481482567, 967418.0213425169 1947598.6323329462, 967419.1127383581 1947601.4264774246, 967430.3054056793 1947597.0788022256, 967433.474247952 1947605.1998940625))"
2020년 8.22~8.31 호우,24.36,141.0,1174010900,20200822,20200831,15,21,침수,강동구 천호동 207-30,2020,2020,강동구,0.3,"POLYGON ((967680.9409059078 1949183.7823224752, 967685.111038705 1949175.057548546, 967684.2598842619 1949172.3271082584, 967675.720586309 1949167.8830968663, 967671.2809034808 1949176.6732753096, 967670.3529968536 1949178.5094930404, 967680.9409059078 1949183.7823224752))"
2020년 8.22~8.31 호우,18.71,205.0,1174010900,20200822,20200831,14,20,침수,강동구 천호동 391-6,2020,2020,강동구,0.5,"POLYGON ((967309.6606514408 1949436.0028429886, 967319.3524260302 1949431.7570661842, 967326.0054200406 1949428.8418967985, 967320.0214146286 1949420.1129732959, 967318.3200496559 1949418.6015748987, 967305.7175478201 1949422.6888494983, 967309.6606514408 1949436.0028429886))"
2020년 8.22~8.31 호우,21.38,155.9,1174010900,20200822,20200831,14,20,침수,강동구 천호동 43-66,2020,2020,강동구,0.5,"POLYGON ((968362.1801870939 1949565.114157292, 968358.4556200388 1949553.2364693044, 968346.5056779439 1949556.7195119858, 968350.1576355092 1949568.6655589843, 968362.1801870939 1949565.114157292))"
2020년 8.22~8.31 호우,20.14,166.1,1174010900,20200822,20200831,14,20,침수,강동구 천호동 46-26,2020,2020,강동구,0.5,"POLYGON ((968317.7687943213 1949453.2236350547, 968314.5792077798 1949442.7005889623, 968300.1329631817 1949447.07752683, 968303.3155156106 1949457.5936130495, 968317.7687943213 1949453.2236350547))"
2020년 8.22~8.31 호우,23.58,120.0,1174010900,20200822,20200831,16,22,침수,강동구 천호동 185-34,2020,2020,강동구,0.3,"POLYGON ((967699.2102699177 1949083.5348310082, 967713.5663825158 1949077.0501812946, 967708.738757833 1949064.5155843399, 967705.772029413 1949065.4839465749, 967702.1625475314 1949077.2006006055, 967699.3420629894 1949082.5625045043, 967699.2102699177 1949083.5348310082))"
2020년 8.22~8.31 호우,20.79,102.0,1174010900,20200822,20200831,10,16,침수,강동구 천호동 110-53,2020,2020,강동구,0.5,"POLYGON ((967903.5886548392 1949286.3652349473, 967914.3413643463 1949284.2590158568, 967912.6246445265 1949277.399749198, 967912.2341850572 1949275.7764421052, 967901.1075305414 1949278.0545784086, 967903.5886548392 1949286.3652349473))"
2020년 8.22~8.31 호우,31.11,150.0,1174010900,20200822,20200831,14,20,침수,강동구 천호동 397-94,2020,2020,강동구,0.5,"POLYGON ((967506.7134780894 1949288.7851107758, 967508.8710700996 1949288.4867823236, 967508.367838697 1949278.4133074535, 967519.4364593474 1949277.2550492377, 967519.4187511279 1949275.6117722418, 967518.706387063 1949265.8752775928, 967517.6128383427 1949266.070002589, 967515.1248154476 1949266.82890708, 967514.7894761034 1949266.740719284, 967505.4554077913 1949267.9397627136, 967506.7134780894 1949288.7851107758))"
2020년 8.22~8.31 호우,22.16,149.0,1174010900,20200822,20200831,14,20,기타,강동구 천호동 167-11,2020,2020,강동구,0.5,"POLYGON ((967660.8352200926 1949011.9277662544, 967664.8391845871 1949010.5130744798, 967667.1715060243 1949009.4221236762, 967669.8526126433 1949009.6358235572, 967670.1643375494 1949004.515131609, 967673.748513184 1948998.0186123806, 967674.4747475659 1948994.7210240252, 967657.5388131127 1949001.99605117, 967660.8352200926 1949011.9277662544))"
2020년 8.22~8.31 호우,20.48,157.6,1174010900,20200822,20200831,14,20,침수,강동구 천호동 43-69,2020,2020,강동구,0.3,"POLYGON ((968358.4556200388 1949553.2364693044, 968354.6446148469 1949541.081346125, 968342.8028401847 1949544.6037998507, 968346.5056779439 1949556.7195119858, 968358.4556200388 1949553.2364693044))"
2020년 8.22~8.31 호우,17.27,112.6,1174010800,20200822,20200831,14,20,기타,강동구 성내동 430-33,2020,2020,강동구,0.5,"POLYGON ((967625.843502928 1947488.4207455646, 967622.2224664984 1947476.4575236037, 967613.6115453831 1947479.0571787248, 967617.2325871732 1947491.021400374, 967625.843502928 1947488.4207455646))"
2020년 8.22~8.31 호우,21.96,165.0,1174010900,20200822,20200831,5,11,침수,강동구 천호동 167-29,2020,2020,강동구,0.3,"POLYGON ((967632.3023856522 1948973.6937215212, 967628.5715604003 1948963.8402797736, 967613.9125659551 1948969.3828952739, 967616.124520111 1948975.756724334, 967617.6255364905 1948979.2624218508, 967632.3023856522 1948973.6937215212))"
2020년 8.22~8.31 호우,38.57,323.0,1174010600,20200822,20200831,16,22,기타,강동구 둔촌동 590-9,2020,2020,강동구,0.5,"POLYGON ((969076.679802941 1948362.4240881756, 969084.9432929525 1948360.0981659237, 969084.6045456742 1948357.4809684758, 969082.4240066067 1948340.6250120497, 969080.1550698526 1948338.9636816941, 969066.8669300611 1948342.688708575, 969071.1518237244 1948360.707060136, 969071.8808058068 1948363.7740154904, 969076.679802941 1948362.4240881756))"
2020년 8.22~8.31 호우,28.11,132.0,1174010900,20200822,20200831,15,21,침수,강동구 천호동 195-18,2020,2020,강동구,0.3,"POLYGON ((967576.1807473683 1949156.767243417, 967581.417443478 1949162.5562550933, 967594.5502445807 1949154.9815083076, 967593.2868438625 1949147.8379438133, 967593.2812644421 1949147.351159795, 967579.7515078181 1949154.717091605, 967576.1807473683 1949156.767243417))"
2020년 8.22~8.31 호우,20.68,152.1,1174010900,20200822,20200831,14,20,침수,강동구 천호동 43-72,2020,2020,강동구,0.5,"POLYGON ((968339.1406220407 1949532.6078262385, 968335.4581472985 1949520.5619791034, 968323.9039325176 1949524.2108590025, 968327.5588832204 1949536.155890934, 968339.1406220407 1949532.6078262385))"
2020년 8.22~8.31 호우,19.15,265.4,1174010700,20200822,20200831,14,20,기타,강동구 암사동 496-35,2020,2020,강동구,0.3,"POLYGON ((967263.3553678113 1950083.8226042704, 967273.8029960747 1950081.6780073564, 967273.4415473856 1950079.870616025, 967284.3264859037 1950078.0045929838, 967281.994800457 1950069.7891039304, 967272.777747371 1950065.909477994, 967270.8630956347 1950066.9682288095, 967261.1951621003 1950072.3164642956, 967263.3553678113 1950083.8226042704))"
2020년 8.22~8.31 호우,20.59,188.0,1174010900,20200822,20200831,16,22,침수,강동구 천호동 111-20,2020,2020,강동구,0.3,"POLYGON ((967954.3232281966 1949250.165042824, 967958.408036923 1949246.2758701886, 967962.0642432218 1949242.8078092195, 967963.8625882163 1949239.2316426684, 967966.1783717205 1949243.8835780455, 967969.5724442451 1949242.634056912, 967964.5452445343 1949231.1081360884, 967951.852627028 1949237.051171882, 967947.588617667 1949240.5124588765, 967954.3232281966 1949250.165042824))"
2020년 8.22~8.31 호우,20.68,152.1,1174010900,20200822,20200831,14,20,침수,강동구 천호동 43-75,2020,2020,강동구,0.5,"POLYGON ((968335.4581472985 1949520.5619791034, 968331.7766987826 1949508.5211245154, 968321.5859323762 1949511.5989920802, 968320.7891434603 1949514.032284352, 968323.9039325176 1949524.2108590025, 968335.4581472985 1949520.5619791034))"
2020년 8.22~8.31 호우,34.21,278.0,1174010900,20200822,20200831,14,20,기타,강동구 천호동 1-2,2020,2020,강동구,0.3,"POLYGON ((968169.98677001 1950188.3824577983, 968170.5198181678 1950190.5038166814, 968182.1983679521 1950192.9599267847, 968184.8472713325 1950193.3217371232, 968186.2799117732 1950186.570727144, 968187.9702340998 1950179.778366199, 968188.51450809 1950177.041528865, 968186.6792073463 1950177.2291920588, 968186.3569738534 1950175.2766502108, 968174.3416664264 1950170.7681133721, 968171.7221707106 1950177.0835860102, 968169.98677001 1950188.3824577983))"
2020년 8.22~8.31 호우,21.14,282.3,1174010100,20200822,20200831,15,21,침수,강동구 명일동 352-9,2020,2020,강동구,0.3,"POLYGON ((968539.3589061338 1949576.9389080007, 968560.2164475251 1949570.6317064818, 968553.7373067052 1949560.7088800159, 968548.6293909602 1949558.8466860107, 968535.1162657678 1949562.9357860745, 968539.3589061338 1949576.9389080007))"
2020년 8.22~8.31 호우,20.18,211.8,1174010700,20200822,20200831,14,20,침수,강동구 암사동 450-9,2020,2020,강동구,0.3,"POLYGON ((967912.0971016911 1950837.6995584334, 967927.2703672457 1950837.5261289799, 967927.1064355494 1950823.5783444105, 967911.9332070949 1950823.7587707576, 967911.9350548266 1950823.9186996613, 967912.0971016911 1950837.6995584334))"
2020년 8.22~8.31 호우,22.62,414.9,1174010100,20200822,20200831,14,20,침수,강동구 명일동 343-7,2020,2020,강동구,0.3,"POLYGON ((968724.8405484332 1949768.471585918, 968723.6928374001 1949756.942102154, 968719.9651809878 1949753.3432558533, 968696.7562481293 1949751.863922877, 968696.2162745153 1949751.8297999715, 968695.2849676103 1949766.5990666929, 968724.8405484332 1949768.471585918))"
2020년 8.22~8.31 호우,26.76,223.9,1174010200,20200822,20200831,14,20,기타,강동구 고덕동 508-3,2020,2020,강동구,0.5,"POLYGON ((969584.0033230954 1951361.3912499524, 969587.3186890024 1951362.643177602, 969594.0625058501 1951345.0041893623, 969593.4918400059 1951344.8372813936, 969587.142371014 1951342.5918341824, 969584.6177391709 1951341.5356357293, 969574.428503907 1951357.9033938933, 969584.0033230954 1951361.3912499524))"
2020년 8.22~8.31 호우,21.14,191.7,1174010100,20200822,20200831,16,22,침수,강동구 명일동 352-13,2020,2020,강동구,0.3,"POLYGON ((968542.524075769 1949632.8206657988, 968555.1489926628 1949629.0051705823, 968552.8496465641 1949621.4202780572, 968551.6389383301 1949617.428232132, 968538.6248125989 1949621.364745026, 968536.4780848502 1949622.0148812311, 968539.9901119778 1949633.5868113176, 968542.524075769 1949632.8206657988))"
2020년 8.22~8.31 호우,40.0,162.0,1174010100,20200822,20200831,14,20,침수,강동구 명일동 312-128,2020,2020,강동구,0.3,"POLYGON ((968407.2531717897 1950433.533812725, 968418.3734928159 1950432.7021422056, 968417.0143318886 1950418.0579725313, 968406.2954372009 1950418.8105438054, 968407.2531717897 1950433.533812725))"
2020년 8.22~8.31 호우,19.51,726.7,1174010600,20200822,20200831,14,20,침수,강동구 둔촌동 513-4,2020,2020,강동구,0.5,"POLYGON ((967994.6515684631 1947851.5783006758, 968022.7853262392 1947841.6839320082, 968018.7887060419 1947830.3384710392, 968014.4723946546 1947818.085053005, 967990.6669220001 1947826.4600555256, 967989.3590752664 1947829.0350024719, 967988.4014381875 1947830.920357011, 967994.6515684631 1947851.5783006758))"
2020년 8.22~8.31 호우,24.62,173.8,1174010100,20200822,20200831,14,20,침수,강동구 명일동 339-3,2020,2020,강동구,0.5,"POLYGON ((968774.8581122495 1949931.3237293581, 968776.0430429991 1949928.56850285, 968774.6901760153 1949916.995124964, 968770.6764551821 1949917.511215939, 968762.3951128256 1949918.5437444912, 968764.0187841248 1949932.5507512125, 968774.8581122495 1949931.3237293581))"
2020년 8.22~8.31 호우,21.14,198.3,1174010100,20200822,20200831,9,15,침수,강동구 명일동 352-21,2020,2020,강동구,0.3,"POLYGON ((968526.39370158 1949580.8641652325, 968539.3589061338 1949576.9389080007, 968535.1162657678 1949562.9357860745, 968522.1620247675 1949566.8549873023, 968526.39370158 1949580.8641652325))"
2020년 8.22~8.31 호우,27.9,223.8,1174010200,20200822,20200831,14,20,기타,강동구 고덕동 526-5,2020,2020,강동구,0.5,"POLYGON ((969627.8260765679 1951425.2141615425, 969627.3441453525 1951411.6219530404, 969610.9298213323 1951411.6890172728, 969610.9381438151 1951411.9388768983, 969611.3829235798 1951425.3113673686, 969627.8260765679 1951425.2141615425))"
2020년 8.22~8.31 호우,22.62,212.3,1174010100,20200822,20200831,14,20,기타,강동구 명일동 341-4,2020,2020,강동구,0.3,"POLYGON ((968751.2799420549 1949781.0185324536, 968751.9481624428 1949768.2878788584, 968734.7436799401 1949767.139571811, 968735.4595587098 1949774.333011509, 968736.0867023706 1949780.627267261, 968751.2799420549 1949781.0185324536))"
2020년 8.22~8.31 호우,17.32,4601.0,1174010700,20200822,20200831,14,20,기타,강동구 암사동 133-3,2020,2020,강동구,0.3,"POLYGON ((967571.7678416016 1951187.3224034808, 967571.8297954949 1951188.6375712284, 967569.4402041144 1951192.3118423792, 967564.945152726 1951193.6741692538, 967560.9831857181 1951196.0332862232, 967562.205358173 1951200.4890959752, 967564.3103540557 1951202.9020040636, 967566.9570354717 1951213.211014976, 967567.8351125647 1951219.8858006827, 967567.7861364222 1951227.8030291796, 967567.2594221089 1951236.3005701522, 967564.1433216127 1951240.9573198045, 967559.0859693605 1951245.0495850274, 967555.2501674013 1951246.129522612, 967554.431921287 1951254.1288012164, 967555.9006592729 1951268.6984305098, 967558.8312970493 1951276.757796089, 967556.467609591 1951290.0282560154, 967557.2693027606 1951298.1328995398, 967558.6525517988 1951299.5989992346, 967560.5842263425 1951304.01206088, 967560.0222404962 1951314.5290159227, 967559.5054828362 1951323.2074349364, 967561.8913105235 1951329.3784138926, 967577.5717803054 1951328.3366177892, 967584.780517328 1951325.03763397, 967593.8484566761 1951326.62291573, 967598.0255722898 1951328.830907986, 967599.6008446214 1951323.7185077604, 967599.5510957164 1951316.4115696386, 967599.0368378471 1951299.7396819901, 967598.5874734165 1951288.8952186275, 967597.6611735277 1951282.7404899248, 967596.215506405 1951272.8979288654, 967595.8269128401 1951262.2030857424, 967594.6046297379 1951253.5798725565, 967594.7796779604 1951240.784843155, 967595.356411724 1951232.1061064366, 967595.7934251623 1951223.846950356, 967593.3377896511 1951220.5342472657, 967591.8072271151 1951217.4905331582, 967586.5501677851 1951212.1994505683, 967583.184157443 1951206.111639995, 967583.0806113075 1951206.0012316336, 967581.4263877788 1951200.1852350482, 967571.7678416016 1951187.3224034808))"
2020년 8.22~8.31 호우,36.62,78102.0,1174010100,20200822,20200831,14,20,침수,강동구 명일동 15,2020,2020,강동구,0.3,"POLYGON ((968782.154003993 1950642.0681942918, 968789.5026774094 1950641.9732467947, 968795.1629726081 1950641.8732579118, 968810.4786559171 1950641.6031135397, 968814.3549145702 1950641.5555686464, 968866.241605951 1950640.9195593772, 968883.2167968864 1950640.865528472, 968918.5006438021 1950640.75339434, 968960.8513209105 1950640.1789491056, 969088.1385240272 1950637.5647087381, 969093.6410427518 1950630.8980819792, 969054.4520677483 1950320.789208257, 968972.3186673648 1950327.5812782962, 968966.2577316324 1950317.3513611935, 968966.0452559843 1950316.6807460613, 968948.7128176608 1950318.1701143316, 968852.8186908568 1950325.5269624447, 968855.0962529854 1950358.4112444716, 968855.3722118802 1950363.3248924415, 968855.9164647902 1950373.026277419, 968857.6457226413 1950401.1003162276, 968862.6642777377 1950474.7114073012, 968864.7833337993 1950505.7912228662, 968866.332658942 1950527.07782397, 968839.0957793826 1950529.0865376408, 968827.0317730639 1950529.908218789, 968770.5000939096 1950534.54632496, 968775.2722858166 1950577.7194230144, 968782.154003993 1950642.0681942918))"
2020년 8.22~8.31 호우,19.79,142.0,1174010900,20200822,20200831,15,21,침수,강동구 천호동 122-27,2020,2020,강동구,0.5,"POLYGON ((967900.1923240877 1949119.6453637583, 967899.892872825 1949121.42427008, 967906.589892315 1949119.460506681, 967905.4337128588 1949115.9489839636, 967901.7649783297 1949104.0430030143, 967897.9672487329 1949104.008156625, 967892.350871071 1949118.0505601417, 967900.1923240877 1949119.6453637583))"
2020년 8.22~8.31 호우,30.13,27664.0,1174010600,20200822,20200831,14,20,침수,강동구 둔촌동 30-4,2020,2020,강동구,0.3,"POLYGON ((968734.3463019192 1948224.449515658, 968736.7826705654 1948223.5639375313, 968737.1228943036 1948223.4421803395, 968760.5834437597 1948216.1925709702, 968761.556279773 1948213.7803394308, 968768.4392624885 1948212.0125231468, 968778.2748494628 1948197.1820698925, 968804.0968389756 1948183.2085240155, 968823.9567650792 1948178.7869209023, 968834.4952851207 1948172.6703934763, 968855.5523867598 1948167.4257593134, 968853.7655817766 1948153.3766319968, 968852.5811796597 1948143.9735252555, 968860.2379766857 1948144.1128738725, 968865.7143018018 1948143.628023642, 968861.0568223393 1948128.8663910688, 968855.3388942415 1948110.3598200893, 968848.5949043548 1948089.1267368991, 968840.6707752935 1948064.1983305807, 968834.4901914429 1948044.40270715, 968830.1137368679 1948030.4202841565, 968819.6082223118 1947997.1217795196, 968814.5849813408 1947994.8262949137, 968803.678033159 1947998.3837570956, 968796.497294737 1948000.7419236198, 968780.1793130923 1948006.1643589768, 968778.6816792737 1948007.0679523516, 968766.2604940324 1948011.9799230113, 968765.3590337131 1948011.2619784174, 968765.1984179236 1948011.322806643, 968744.8058480491 1948018.2252775168, 968731.8523202104 1948022.468327981, 968721.6159923449 1948025.8143163633, 968721.195955176 1948025.9654853626, 968693.5434799549 1948035.5664129895, 968690.6867241712 1948036.5371868645, 968676.4558173257 1948041.3707837886, 968675.9789446048 1948042.49188162, 968673.3621541742 1948047.0570027246, 968673.6140254169 1948047.8053798473, 968677.0243004126 1948059.2319095773, 968681.508054888 1948072.5240309671, 968689.0390934392 1948096.274977987, 968690.8639230184 1948102.0330908273, 968697.4770284682 1948122.9010117739, 968698.344098091 1948125.6173710646, 968699.8739587556 1948125.5132994486, 968700.2042334893 1948129.3610703333, 968699.9679577779 1948130.800770118, 968703.9505753078 1948143.464789216, 968707.3070963373 1948153.8020216434, 968713.4871412591 1948173.3067616553, 968715.2637455984 1948178.830220027, 968720.4126546284 1948194.8397696423, 968722.8130988053 1948202.829972627, 968727.3273266223 1948216.4018236327, 968728.6979908835 1948220.586948345, 968730.7817908345 1948222.020348835, 968733.0651498693 1948223.5736451447, 968734.3463019192 1948224.449515658))"
2020년 8.22~8.31 호우,23.78,641.0,1174010600,20200822,20200831,16,22,침수,강동구 둔촌동 87-7,2020,2020,강동구,0.5,"POLYGON ((968467.9790458544 1947953.327940682, 968454.8951223948 1947914.8620761465, 968451.3381993225 1947913.4874623874, 968434.6143038069 1947949.0754723572, 968449.6696944941 1947950.0502747428, 968453.2271442476 1947950.5812094044, 968467.9790458544 1947953.327940682))"
2020년 7.28~8.11 호우,5.4,1983.0,1150011000,20200728,20200819,3,9,침수,강서구 개화동 1-26,2020,2020,강서구,0.3,"POLYGON ((938268.5786483424 1956083.8913835033, 938287.9815904497 1956069.7233129984, 938293.6003629462 1956065.5329442509, 938287.992570751 1956055.033413995, 938259.2655755461 1955999.2825572721, 938258.2767677263 1956000.0065543605, 938240.4730236402 1956019.590229087, 938244.0892210545 1956027.3982822478, 938252.5783635398 1956046.0626435347, 938258.7160289751 1956059.2094305016, 938265.5800410884 1956076.0470635756, 938265.9980159292 1956077.5763067103, 938268.5786483424 1956083.8913835033))"
2020년 8.22~8.31 호우,5.6,2149.0,1150011000,20200822,20200831,15,21,침수,강서구 개화동 1-27,2020,2020,강서구,0.5,"POLYGON ((938293.6003629462 1956065.5329442509, 938316.7428192752 1956048.5080180243, 938306.8367341309 1956029.0074768658, 938282.4126952969 1955980.8760925066, 938272.7769462346 1955990.2659679556, 938259.2655755461 1955999.2825572721, 938287.992570751 1956055.033413995, 938293.6003629462 1956065.5329442509))"
2020년 8.14~ 호우,3.77,2021.0,1150011000,20200814,20200817,19,1,침수,강서구 개화동 1-28,2020,2020,강서구,0.5,"POLYGON ((938282.4126952969 1955980.8760925066, 938306.8367341309 1956029.0074768658, 938316.7428192752 1956048.5080180243, 938346.9978090845 1956026.4051030872, 938344.0392936646 1956020.651836181, 938333.6054814833 1955999.8495551925, 938310.5276327442 1955989.8786187705, 938292.3190889134 1955981.6052259358, 938284.7989937104 1955978.6422040118, 938282.4126952969 1955980.8760925066))"
2020년 7.28~8.11 호우,3.57,279.0,1150011000,20200728,20200805,9,15,침수(기타),강서구 개화동 1-29,2020,2020,강서구,0.3,"POLYGON ((938356.397668995 1956013.2548017725, 938354.9783825943 1956011.224052691, 938351.5354614257 1956007.9984704223, 938347.2349675038 1956005.7381034605, 938333.6054814833 1955999.8495551925, 938344.0392936646 1956020.651836181, 938346.9978090845 1956026.4051030872, 938358.3429890665 1956017.9628166964, 938356.397668995 1956013.2548017725))"
2020년 7.28~8.11 호우,5.32,1674.0,1150011000,20200728,20200805,9,15,침수(기타),강서구 개화동 1-16,2020,2020,강서구,0.3,"POLYGON ((938218.1687168083 1955997.91029553, 938227.6336997519 1956007.3827028663, 938240.4730236402 1956019.590229087, 938258.2767677263 1956000.0065543605, 938259.2655755461 1955999.2825572721, 938272.7769462346 1955990.2659679556, 938282.4126952969 1955980.8760925066, 938284.7989937104 1955978.6422040118, 938255.1062935174 1955966.9440029224, 938249.7760392559 1955964.8490462352, 938246.3518448251 1955968.352001126, 938238.325250354 1955976.747680108, 938220.8251435634 1955994.9652219703, 938218.1687168083 1955997.91029553))"
2020년 7.28~8.11 호우,3.37,5740.0,1150011000,20200728,20200805,9,15,침수(기타),강서구 개화동 656,2020,2020,강서구,0.3,"POLYGON ((938395.306617413 1956069.4824098328, 938394.9767706136 1956069.8660268253, 938393.922797019 1956069.9895809202, 938386.8790380833 1956067.4978647083, 938367.1873341638 1956051.9409096316, 938367.0114047447 1956051.5659756796, 938360.7186675133 1956052.893928878, 938360.4376978799 1956053.0693594348, 938360.1243848203 1956053.17798523, 938359.7947010348 1956053.2157228694, 938359.4646298396 1956053.1804882027, 938359.1501704729 1956053.0731959355, 938358.8683483335 1956052.8997535773, 938358.6302017013 1956052.668099713, 938357.0575238263 1956053.0013348872, 938356.011996761 1956052.8329466656, 938354.955898422 1956052.7445864738, 938353.897220468 1956052.7352122334, 938352.8399666942 1956052.80580234, 938352.3343316312 1956050.9581367392, 938351.9874452181 1956049.0736409896, 938352.6116416244 1956047.268959946, 938352.775481805 1956045.3667580301, 938352.4784611649 1956043.836872882, 938352.7762307826 1956042.3068289608, 938353.6068778506 1956040.7889507473, 938355.1767583742 1956038.4224447077, 938356.467553227 1956036.5862345677, 938357.5527412401 1956034.6221612862, 938358.8481043422 1956032.7049553462, 938360.3874741145 1956028.357307334, 938360.227255183 1956023.9746978057, 938359.5020402069 1956019.3671678717, 938358.7691815887 1956017.6506629295, 938358.3429890665 1956017.9628166964, 938346.9978090845 1956026.4051030872, 938316.7428192752 1956048.5080180243, 938293.6003629462 1956065.5329442509, 938287.9815904497 1956069.7233129984, 938268.5786483424 1956083.8913835033, 938248.0382978463 1956099.0371519139, 938395.4593686012 1956098.2544900707, 938395.306617413 1956069.4824098328))"
2020년 7.28~8.11 호우,25.91,89.0,1159010200,20200728,20200818,8,14,침수(개인하수도역류),동작구 상도동 348-149,2020,2020,동작구,0.5,"POLYGON ((949811.8273164198 1944787.21827116, 949812.6970648146 1944787.9853837586, 949823.4047487096 1944777.525451855, 949818.305469192 1944773.5369212534, 949808.9400168933 1944783.1890349828, 949811.8273164198 1944787.21827116))"
2020년 7.28~8.11 호우,32.92,231.0,1159010700,20200728,20200811,10,16,침수(기타),동작구 사당동 229-14,2020,2020,동작구,0.5,"POLYGON ((952917.7742971226 1942919.2015219743, 952923.3779217368 1942925.5605081988, 952937.6346300367 1942909.6898214095, 952922.5733185429 1942897.6370179655, 952921.3536458341 1942901.767961934, 952923.370532454 1942910.7599792548, 952921.3409831121 1942914.66929414, 952917.7742971226 1942919.2015219743))"
2020년 7.28~8.11 호우,35.51,1300.0,1165010100,20200728,20200805,12,18,침수(기타),서초구 방배동 984-3,2020,2020,서초구,0.3,"POLYGON ((955705.9042090067 1942592.6830144883, 955711.789683691 1942588.46340519, 955712.6376520395 1942588.139034205, 955720.573705062 1942571.710082613, 955718.4311667453 1942566.9271997146, 955707.356688179 1942562.8533595048, 955684.658726231 1942554.4776707778, 955673.8772642874 1942575.5399783817, 955667.2185539445 1942588.5354360947, 955687.7332911696 1942590.6739947014, 955705.9042090067 1942592.6830144883))"
2020년 8.22~8.31 호우,14.36,456.0,1165010100,20200822,20200831,19,1,침수,서초구 방배동 2239,2020,2020,서초구,0.5,"POLYGON ((954291.512831353 1943694.5618896594, 954311.5604564376 1943693.808966823, 954311.5586541162 1943689.3156322255, 954311.5451702336 1943679.2184246073, 954311.4522853914 1943669.4175284104, 954303.3666730481 1943669.8721933705, 954299.8127424049 1943673.2247844366, 954293.8093411864 1943674.808003314, 954291.4567602903 1943674.7234969665, 954291.3067879805 1943674.7182933432, 954291.659152502 1943684.6277751746, 954291.0756547557 1943684.8707766458, 954291.512831353 1943694.5618896594))"
2020년 7.28~8.11 호우,17.46,182.2,1165010100,20200728,20200811,8,14,침수(기타),서초구 방배동 467-4,2020,2020,서초구,0.5,"POLYGON ((954388.6141370005 1942313.1396902718, 954392.8149790192 1942318.5004670476, 954402.6739418211 1942312.9483014483, 954396.9070480831 1942303.6922541573, 954395.5211758811 1942300.598733862, 954386.8567189432 1942301.042456321, 954387.1332171882 1942309.841748674, 954388.4289557739 1942312.9037579356, 954388.6141370005 1942313.1396902718))"
